{"cameraMode":{"drawMode":31,"name":"Sprite Mask","section":"Miscellaneous"},"sceneLighting":true,"audioPlay":false,"sceneViewState":{"m_AlwaysRefresh":true,"showFog":true,"showSkybox":true,"showFlares":true,"showImageEffects":true,"showParticleSystems":true,"showVisualEffectGraphs":true,"m_FxEnabled":true},"in2DMode":false,"pivot":{"x":-48.42905807495117,"y":0.10831642150878906,"z":19.80470848083496},"rotation":{"x":-0.0949179008603096,"y":-0.20749276876449586,"z":0.020233245566487314,"w":-0.9734426736831665},"size":20.749357223510743,"orthographic":false}